{"_id":"652bc86fc196ef2b5968dbd2","UserID":237058,"IsDeleted":false,"Name":"ddd","Description":"","Pages":[{"name":"Home","isHome":true,"_id":"652bc86fc196ef2b5968dbcf","url":"ftc15896b2d95247b3b07b5cc1a37197e1","uid":"p2"}],"Settings":{"responsiveAIConf":{"version":2,"extendedLayouts":true},"styles":{"Footer":{"lg":{"type":"Footer","columns":1,"rows":1,"areas":[["a"]]}}},"private":{"isVersionCommitted":false},"params":[{"id":"11ce4a2b-ae7d-4732-ab51-91fca8ddc068","valueType":"static","name":"variable1","value":"","paramType":"static"},{"id":"77dd5356-8a9b-4580-9ae3-45543229f903","valueType":"static","name":"returned_value","value":"","paramType":"static"},{"id":"2ce6ecbd-9657-44fb-81e4-f938e9ffb2e2","valueType":"static","name":"username","value":"","paramType":"static"},{"id":"512a10ee-daa8-4ea8-ada3-f378a71dc64d","valueType":"static","name":"full_name","value":"","paramType":"static"}],"theme":{"primaryColor":"#0091ff","primary":"rgba(104,190,255, 1)","color":"#000","page403":{"elements":{"s121":{"type":"Strip","props":{"styleRef":"s121"},"children":[],"parent":null}},"Grid":["s121"],"styles":{"s121":{"type":"Strip","lg":{"columns":1,"rows":1,"areas":[["Col1"]],"root":{"minHeight":"600"}}}},"isSurveyForm":false},"page404":{"elements":{"f0f25d44-e2f5-4422-b0ff-9e7d04b27d23":{"type":"Strip","props":{"styleRef":"f0f25d44-e2f5-4422-b0ff-9e7d04b27d23"},"children":["4b2424a1-4503-4178-bab7-e6a2006bd72b"],"parent":null},"4b2424a1-4503-4178-bab7-e6a2006bd72b":{"type":"Image","props":{"lg":{"src":"https://d3255hq6rclyj1.cloudfront.net/5fb4d90832a3003d6cde2e7d_ftusergal_.png","alt":"","gridArea":"Col1","position":{"left":222,"top":77,"leftUnit":"px","topUnit":"px","right":"","bottom":"","transform":""}},"styleRef":"4b2424a1-4503-4178-bab7-e6a2006bd72b"},"children":[],"parent":"f0f25d44-e2f5-4422-b0ff-9e7d04b27d23"}},"Grid":["f0f25d44-e2f5-4422-b0ff-9e7d04b27d23"],"styles":{"f0f25d44-e2f5-4422-b0ff-9e7d04b27d23":{"type":"Strip","lg":{"columns":1,"rows":1,"areas":[["Col1"]],"root":{"minHeight":647},"row0":647,"row0Unit":"px"}},"4b2424a1-4503-4178-bab7-e6a2006bd72b":{"lg":{"root":{"height":467}},"type":"Image","isHidden":{"lg":false}}}},"secondaryContrastColor":"#0091ff","secondaryColor":"#fff","fontFamily":"'Lato', sans-serif;","secondary":"rgba(0,145,255, 1)","backgroundColor":"rgba(209,209,209, 1)","FormField":{"all":{"filled":"#cee7f9ff","primary":"#0091FF","success":"#1dde8cff","error":"#e42e5dff","input":{"fontFamily":"'Lato', sans-serif;","fontWeight":"normal","fontSize":"16px","width":"1367"},"text":"#0a0a0aff","labelColor":"#000000ff","label":{"fontFamily":"'Lato', sans-serif;","fontWeight":"normal","fontSize":"16px","width":"1367"},"textVariant":"standard","labelColorShrink":"#000000ff","errorMsg":{"fontFamily":"'Lato', sans-serif;","fontWeight":"normal","fontSize":"16px","width":"1367"},"labelShrink":{"fontFamily":"'Lato', sans-serif;","fontWeight":"normal","fontSize":"14px"}},"upload":{"icon":"rgba(0,145,255, 1)","primary":"","label":{"fontFamily":"'Lato', sans-serif;","fontWeight":"normal","fontSize":"18px","width":"1367"},"labelColor":"#000000ff","input":{"fontFamily":"'Lato', sans-serif;","fontWeight":"normal","fontSize":"18px","width":"1367"},"text":"#000000ff","errorMsg":{"width":"1367"}},"buttongroup":{"primaryActive":"rgba(104,190,255, 1)","filledBtnColor":"rgba(104,190,255, 1)","input":{"fontFamily":"'Lato', sans-serif;","fontWeight":"normal","fontSize":"16px","width":"1367"},"text":"#ffffffff","labelColor":"","filledBtnColorActive":"","label":{"width":"1367"},"errorMsg":{"width":"1367"},"primaryHover":"rgba(104,190,255, 1)","primarySelected":"rgba(104,190,255, 1)"},"multiSelect":{"chipFill":"rgba(0,145,255, 1)","chipIconColor":"#ffffffff","inputItem":{"fontFamily":"'Lato', sans-serif;","fontWeight":"normal","fontSize":"14px"},"textItem":"#000","input":{"width":"1367"},"label":{"width":"1367"},"errorMsg":{"width":"1367"}},"signature":{"borderColor":"rgba(209,209,209, 1)","borderWidth":"1","input":{"width":"1367"},"label":{"width":"1367"},"errorMsg":{"width":"1367"}}},"_id":"5fb1705527e5af269ee3f3b5","Type":"ThemeTemplate","lg":{"sTime":{"header":{"fontFamily":"'Lato', sans-serif;","fontWeight":"bold","fontSize":"18px","color":"#080808ff"},"root":{"paddingLeft":"10","fontFamily":"'Lato', sans-serif;"},"tSlot":{"borderColor":"#c1c0c0ff","borderWidth":"1","borderStyle":"solid","color":"#060606ff"},"tSlotBtn":{"backgroundColor":"rgba(104,190,255, 1)","color":"#ffffffff","borderWidth":"0","borderStyle":"solid","fontSize":"16px","fontWeight":"normal","fontFamily":"'Lato', sans-serif;","height":"auto"},"tSlotBtnHover":{"backgroundColor":"rgba(0,145,255, 1)","color":"#ffffffff","borderWidth":"0","borderStyle":"solid"},"tSlotBtnActive":{"backgroundColor":"rgba(0,145,255, 1)","color":"#ffffffff","borderWidth":"0","borderStyle":"solid"},"tSlotHover":{"color":"rgba(0,145,255, 1)"},"tSlotActive":{"color":"rgba(0,145,255, 1)"}},"SmartVLoginForm":{"progress":{"color":"#de5b5bff"}},"CarouselContainer":{"root":{"width":"300","height":"200"},"pointRoot":{"paddingBottom":"10"},"pointItemSel":{"backgroundColor":"#000000ff"}},"Matrix":{"radio":{"color":"rgba(0,145,255, 1)","stroke":"rgba(0,145,255, 1)","strokeWidth":"0"}},"TwoSideSection":{"root":{"width":"300","height":"200","borderWidth":"0","borderStyle":"solid","borderColor":"rgba(209,209,209, 1)"},"front":{"backgroundColor":"#eaeaeaff"},"back":{"backgroundColor":"#cbe0f1ff"}},"GoogleMap":{"marker":{"color":"rgba(104,190,255, 1)","stroke":"rgba(0,145,255, 1)","strokeWidth":"1","width":"50","height":"80"}},"YouTube":{"root":{"position":"absolute","fontFamily":"'Lato', sans-serif;","fontSize":"","fontWeight":"normal","width":"300","height":"180"},"width":"1367"},"TreeView":{"root":{"variant":"basic","width":"300","height":"200"},"icon":{"width":"20","height":"20","fill":"rgba(0,145,255, 1)"},"itemSelected":{"backgroundColor":"#d1e8f9"},"header":{"backgroundColor":""},"ctrlIcon":{"fill":"#060606ff","width":"1367","stroke":"#000000ff"},"width":"1367"},"Badge":{"icon":{"height":"30","width":"30"},"badge":{"color":"#ffffffff","borderStyle":"solid","width":"25","marginTop":"","height":"25","marginRight":"","fontSize":"14px","backgroundColor":"rgba(0,145,255, 1)","borderColor":"rgba(0,145,255, 1)","borderWidth":"0","borderRadius":"25"},"width":"1367"},"form":{"successMsgRoot":{"fontFamily":"'Lato', sans-serif;","fontSize":"","fontWeight":"normal","paddingTop":"","paddingBottom":""},"root":{"borderStyle":"solid","width":"1367","height":"200","fontWeight":"normal","position":"absolute","widthUnit":"px","heightUnit":"px","fontSize":"","fontFamily":"'Lato', sans-serif;","borderColor":"rgba(218, 217, 217, 1)","minHeight":"unset","borderWidth":"1","minHeightUnit":"%"},"errorMsgText":{"fontFamily":"'Lato', sans-serif;","fontSize":"14px","lineHeight":"18","letterSpacing":0,"fontWeight":"normal"},"width":"1367","errorMsgButton":{"fontFamily":"'Lato', sans-serif;","fontSize":"16px","lineHeight":"22","letterSpacing":0,"fontWeight":"normal"},"successMsgText":{"fontFamily":"'Lato', sans-serif;","fontSize":"14px","lineHeight":"18","letterSpacing":0,"fontWeight":"normal"},"header":{"fontFamily":"'Lato', sans-serif;","fontSize":"30px","lineHeight":"50","letterSpacing":0,"fontWeight":"normal"},"scroll":{"width":"1367","scrollBarColor":"rgba(237, 238, 239, 1)","thumbImage":"linear-gradient(90deg, rgb(164, 204, 228) 0%,rgb(75, 164, 222) 100%)","borderColor":"rgba(224, 224, 224, 1)","borderStyle":"solid","borderRadius":"4","fontWeight":"normal"},"headerDescription":{"fontFamily":"'Lato', sans-serif;","fontSize":"16px","lineHeight":"22","letterSpacing":0,"fontWeight":"normal"},"successMsgButton":{"fontFamily":"'Lato', sans-serif;","fontSize":"16px","lineHeight":"22","letterSpacing":0,"fontWeight":"normal"},"errorMsgicon":{"fontFamily":"'Lato', sans-serif;","fontSize":"","fontWeight":"normal"},"button":{"borderStyle":"solid","width":"1367","marginTop":"10","height":"40","fontWeight":"normal","fontSize":"16px","fontFamily":"'Lato', sans-serif;","backgroundColor":"#0091ff","borderWidth":"0","lineHeight":"22","letterSpacing":0,"borderRadius":"20"},"confirmMsgButton":{"width":"100","backgroundColor":"rgba(104,190,255, 1)"},"errorMsgIconRoot":{"fontFamily":"'Lato', sans-serif;","fontSize":"","fontWeight":"normal"},"label":{"fontFamily":"'Lato', sans-serif;","fontSize":"16px","lineHeight":"18","letterSpacing":0,"fontWeight":"normal"},"successMsgicon":{"fontFamily":"'Lato', sans-serif;","fontSize":"","fontWeight":"normal"},"floatLabel":{"fontFamily":"'Lato', sans-serif;","fontSize":"16px","lineHeight":"18","letterSpacing":0,"fontWeight":"normal"},"successMsgIconRoot":{"fontFamily":"'Lato', sans-serif;","fontSize":"","fontWeight":"normal"},"successMsgTitle":{"fontFamily":"'Lato', sans-serif;","fontSize":"18px","lineHeight":"23","letterSpacing":0,"fontWeight":"normal"},"errorMsgRoot":{"fontFamily":"'Lato', sans-serif;","fontSize":"","fontWeight":"normal","paddingTop":"32","paddingBottom":"32"},"element":{"fontFamily":"'Lato', sans-serif;","fontSize":"16px","lineHeight":"20","letterSpacing":0,"fontWeight":"normal"},"errorMsgTitle":{"fontFamily":"'Lato', sans-serif;","fontSize":"18px","lineHeight":"23","letterSpacing":0,"fontWeight":"normal"},"confirmMsgButton2":{"backgroundColor":"rgba(104,190,255, 1)","width":"100"}},"Form":{"root":{"width":"300","height":"200"},"submitBtn":{"color":"#ffffffff","borderStyle":"solid","width":"80","height":"30","fontWeight":"normal","fontSize":"16px","fontFamily":"'Lato', sans-serif;","backgroundColor":"rgba(104,190,255, 1)","borderWidth":"0","borderRadius":10},"submitBtnHover":{"backgroundColor":"rgba(104,190,255, 1)","fontFamily":"'Lato', sans-serif;","fontWeight":"normal","fontSize":"16px","color":"#ffffffff"},"submitBtnActive":{"backgroundColor":"rgba(104,190,255, 1)","fontFamily":"'Lato', sans-serif;","fontWeight":"normal","fontSize":"16px","color":"#ffffffff"}},"Vimeo":{"root":{"position":"absolute","fontFamily":"'Lato', sans-serif;","fontSize":"","fontWeight":"normal","width":"300","height":"180"},"width":"1367"},"Svg":{"root":{"fill":"rgba(185, 184, 184, 1)","width":"50","height":"50","fontWeight":"normal","position":"absolute","strokeWidth":"2","fontSize":"","fontFamily":"'Lato', sans-serif;","stroke":"rgba(0, 145, 255, 1)"},"element":{"fontFamily":"'Lato', sans-serif;","fontSize":"","fontWeight":"normal"},"shape":{"fontFamily":"'Lato', sans-serif;","fill":"rgba(255, 249, 249, 1)","stroke":"#0091ff","strokeWidth":"2","width":"50","height":"50","fontSize":"","fontWeight":"normal"},"icon":{"fontFamily":"'Lato', sans-serif;","fill":"rgba(0, 145, 255, 1)","stroke":"","strokeWidth":"","width":"50","height":"50","fontSize":"","fontWeight":"normal"},"width":"1367"},"Widget":{"root":{"position":"absolute","width":"1367","widthUnit":"%","minHeight":"unset","minHeightUnit":"%","height":"100","heightUnit":"%"},"width":"1367"},"iframe":{"root":{"borderStyle":"solid","width":"200","height":"200","position":"absolute","widthUnit":"px","heightUnit":"px","borderColor":"rgba(201, 201, 201, 1)","minHeight":"unset","borderWidth":"1","minHeightUnit":"%"},"width":"1367"},"CustomLoader":{"loader":{"backgroundImage":"https://d34n0xw2ofs24w.cloudfront.net/animationpreloaders/animation_25.gif","height":"100","width":"1367"},"width":"1367"},"Section":{"root":{"borderStyle":"dashed","width":"200","height":"200","fontWeight":"normal","position":"absolute","fontSize":"","fontFamily":"'Lato', sans-serif;","borderColor":"rgba(201, 201, 201, 1)","borderWidth":"2"},"width":"1367"},"EComBadge":{"icon":{"width":"30","height":"30"},"badge":{"backgroundColor":"rgba(0,145,255, 1)","color":"#ffffffff","fontSize":"14px","width":"25","height":"25","borderStyle":"solid","borderRadius":"25","borderWidth":"0"},"width":"1367"},"Accordion":{"acrdPanel":{"backgroundColor":"#9ad3ff"},"acrdTitle":{"fontFamily":"'Lato', sans-serif;","fontWeight":"normal","fontSize":"16px","color":"#000"},"width":"1367","root":{"width":"300","height":"300"}},"Search":{"root":{"shadow":[],"borderStyle":"solid","width":"1367","height":"32","fontWeight":"normal","position":"absolute","fontSize":"16px","fontFamily":"'Lato', sans-serif;","backgroundColor":"rgba(255, 255, 255, 1)","borderColor":"rgba(185, 184, 184, 1)","textAlign":"left","paddingLeft":"15","borderWidth":"1","lineHeight":"27","letterSpacing":0,"borderRadius":"16"},"width":"1367"},"Stack":{"root":{"borderStyle":"dashed","width":"200","height":"200","fontWeight":"normal","position":"absolute","fontSize":"","fontFamily":"'Lato', sans-serif;","borderColor":"rgba(201, 201, 201, 1)","borderWidth":"2"},"width":"1367"},"YesNo":{"yes":{"fill":"rgba(0,145,255, 1)","width":"40","height":"40","marginRight":"20"},"no":{"fill":"#9e1863ff","width":"40","height":"40"},"yesHover":{"fill":"rgba(104,190,255, 1)"},"yesActive":{"fill":"rgba(104,190,255, 1)","paddingTop":"","borderStyle":"solid","paddingRight":"","strokeWidth":"1","borderColor":"","stroke":"rgba(0,145,255, 1)","paddingLeft":"","borderWidth":"0","paddingBottom":""},"noHover":{"fill":"#d64d99ff"},"noActive":{"fill":"#d64d99ff","borderWidth":"0","borderStyle":"solid","borderColor":"","stroke":"#9e1863ff","strokeWidth":"1"}},"PowerTable":{"thr-0":{"backgroundColor":"#bebfbfff","fontFamily":"'Lato', sans-serif;","fontWeight":"normal","fontSize":"16px","color":"#ffffffff"},"root":{"color":"#060000ff","borderStyle":"solid","width":"400","height":"300","fontWeight":"normal","fontSize":"18px","fontFamily":"'Lato', sans-serif;","borderColor":"#DAD9D9","borderWidth":"1"},"thr-1":{"fontFamily":"'Lato', sans-serif;","fontWeight":"normal","fontSize":"16px","color":"#ffffffff","backgroundColor":"#68beff"},"thr-2":{"backgroundColor":"#cae5f9","fontFamily":"'Lato', sans-serif;","fontSize":"16px","fontWeight":"normal","color":"#666666ff"},"thr-3":{"backgroundColor":"#a7cae4","fontFamily":"'Lato', sans-serif;","fontWeight":"normal","fontSize":"16px","color":"#666666ff"},"thr-4":{"fontFamily":"'Lato', sans-serif;","fontWeight":"normal","fontSize":"16px","color":"#666666ff","backgroundColor":"#9ad3ff"},"width":"1367","thr-5":{"backgroundColor":"#cfe2ef","fontFamily":"'Lato', sans-serif;","fontWeight":"normal","fontSize":"16px"},"qSubmit":{"color":"#ffffffff","borderStyle":"solid","width":"80","height":"35","fontWeight":"normal","fontSize":"16px","fontFamily":"'Lato', sans-serif;","backgroundColor":"rgba(104,190,255, 1)","marginBottom":"10","borderWidth":"0","borderRadius":"10"},"progress":{"color":"rgba(104,190,255, 1)","lineWidth":"0"},"scroll":{"width":"10","scrollBarImage":"linear-gradient(90deg, rgb(199, 199, 199) 0%,rgb(0, 0, 0) 100%)","thumbImage":"linear-gradient(90deg, rgb(164, 204, 228) 0%,rgb(75, 164, 222) 100%)","scrollBarColor":"rgba(209,209,209, 1)"},"qDiscard":{"color":"#ffffffff","borderStyle":"solid","width":"80","height":"35","fontWeight":"normal","fontSize":"16px","fontFamily":"'Lato', sans-serif;","marginLeft":"10","backgroundColor":"rgba(104,190,255, 1)","marginBottom":"10","borderWidth":"0","borderRadius":"10"},"apply":{"color":"#fdfdfdff","paddingTop":"5","borderStyle":"solid","width":"80","height":"35","fontWeight":"normal","paddingRight":"5","fontSize":"14px","fontFamily":"'Lato', sans-serif;","backgroundColor":"rgba(104,190,255, 1)","paddingLeft":"5","borderWidth":"0","paddingBottom":"5","borderRadius":"10"},"td":{"fontFamily":"'Lato', sans-serif;","fontWeight":"normal","fontSize":"16px","color":"#000000ff"},"quickButtons":{"backgroundColor":"","justifyContent":"center"},"editDlg":{"shadow":[{"color":"#6666661a","x":"2","y":"2","blur":"3","spread":"3"}],"borderWidth":"1","borderStyle":"solid","borderColor":"#DAD9D9","width":"150","height":"160"},"cancel":{"color":"#ffffffff","paddingTop":"5","borderStyle":"solid","width":"80","height":"35","fontWeight":"normal","paddingRight":"5","fontSize":"14px","fontFamily":"'Lato', sans-serif;","backgroundColor":"rgba(104,190,255, 1)","paddingLeft":"5","borderWidth":"0","paddingBottom":"5","borderRadius":"10"},"thr":{"height":"50"}},"SmartVLoginPage":{"root":{"fontFamily":"'Lato', sans-serif;","fontSize":"","backgroundColor":"rgba(255, 255, 255, 1)","fontWeight":"normal"},"bottomLink":{"fontFamily":"'Lato', sans-serif;","fontSize":"16px","color":"#0091ff","lineHeight":"18","letterSpacing":0,"fontWeight":"normal"},"width":"1367","progress":{"color":"#b74c4cff"},"page":{"fontFamily":"'Lato', sans-serif;","fontSize":"","fontWeight":"normal"},"fieldInput":{"fontFamily":"'Lato', sans-serif;","fontSize":"18px","lineHeight":"22","letterSpacing":0,"fontWeight":"normal"},"bottomText":{"fontFamily":"'Lato', sans-serif;","fontSize":"18px","lineHeight":"22","letterSpacing":0,"color":"rgba(173, 173, 173, 1)","fontWeight":"normal"},"title":{"fontFamily":"'Lato', sans-serif;","fontSize":"46px","letterSpacing":0,"lineHeight":"56","color":"rgba(0, 0, 0, 1)","fontWeight":"normal"},"buttonContinue":{"fontFamily":"'Lato', sans-serif;","fontSize":"","fontWeight":"normal"},"fieldLabel":{"fontFamily":"'Lato', sans-serif;","fontSize":"14px","letterSpacing":0,"lineHeight":"16","color":"rgba(128, 128, 128, 1)","fontWeight":"normal"},"description":{"fontFamily":"'Lato', sans-serif;","fontSize":"16px","lineHeight":"27","letterSpacing":0,"color":"rgba(128, 128, 128, 1)","fontWeight":"normal"}},"SmartVProfilePage":{"root":{"fontFamily":"'Lato', sans-serif;","fontSize":"","fontWeight":"normal"},"title":{"fontFamily":"'Lato', sans-serif;","fontSize":"46px","lineHeight":"56","letterSpacing":0,"fontWeight":"normal"},"description":{"fontFamily":"'Lato', sans-serif;","fontSize":"16px","lineHeight":"24","letterSpacing":0,"fontWeight":"normal"},"fieldLabel":{"fontFamily":"'Lato', sans-serif;","fontSize":"14px","lineHeight":"16","letterSpacing":0,"color":"rgba(128, 128, 128, 1)","fontWeight":"normal"},"fieldInput":{"fontFamily":"'Lato', sans-serif;","fontSize":"18px","lineHeight":"22","letterSpacing":0,"color":"rgba(8, 8, 8, 1)","fontWeight":"normal"},"buttonContinue":{"fontFamily":"'Lato', sans-serif;","fontSize":"18px","lineHeight":"22","letterSpacing":0,"fontWeight":"normal"},"page":{"fontFamily":"'Lato', sans-serif;","fontSize":"","fontWeight":"normal"},"width":"1367"},"Stripe":{"btn":{"color":"#ffffffff","borderStyle":"solid","width":"150","marginTop":"10","height":"45","fontWeight":"normal","fontSize":"18px","alignSelf":"center","fontFamily":"'Lato', sans-serif;","backgroundColor":"rgba(104,190,255, 1)","borderWidth":"0","borderRadius":"6"},"stripe":{"fontFamily":"'Lato', sans-serif;","fontWeight":"normal","fontSize":"16px","color":"#000"},"inputRoot":{"shadow":[{"x":"2","y":"2","spread":"4","blur":"4","color":"#d1d1d157"}],"paddingTop":"15","borderStyle":"solid","paddingRight":"10","borderColor":"#d1d1d1fc","paddingLeft":"10","marginBottom":"10","borderWidth":"1","paddingBottom":"15","borderRadius":"6"},"error":{"fontFamily":"'Lato', sans-serif;","fontWeight":"normal","fontSize":"14px","color":"#f34848ff"},"btnHover":{"fontFamily":"'Lato', sans-serif;","fontWeight":"normal","fontSize":"18px","color":"#ffffffff","backgroundColor":"#80c8ffff"},"btnActive":{"fontFamily":"'Lato', sans-serif;","fontWeight":"normal","fontSize":"18px","color":"#ffffffff","backgroundColor":"#4db0fbff"},"root":{"height":""},"stripePlaceholder":{"fontFamily":"'Lato', sans-serif;","fontWeight":"normal","lineHeight":20,"color":"#949494ff"}},"ContinualForm":{"root":{"width":"300","height":"200","fontFamily":"'Lato', sans-serif;"},"progressTxt":{"fontFamily":"'Lato', sans-serif;","fontWeight":"normal","fontSize":"12px"},"progress":{"width":"150","height":"10","lineWidth":"6","color":"rgba(0,145,255, 1)","marginRight":"10"},"backIco":{"backgroundColor":"","fill":"#ffffffff"},"nextIco":{"backgroundColor":"","fill":"#ffffffff"},"nextBtn":{"borderStyle":"solid","width":"","height":"","marginRight":"","marginLeft":"3","backgroundColor":"rgba(104,190,255, 1)","borderColor":"#4c4c4cff","marginBottom":"10","borderWidth":"0","borderRadius":"2"},"prevBtn":{"borderColor":"#4c4c4cff","borderWidth":"0","borderStyle":"solid","borderRadius":"2","backgroundColor":"rgba(104,190,255, 1)","marginBottom":"10"},"navPanel":{"marginBottom":"0"}},"Progress":{"root":{"color":"rgba(0,145,255, 1)","lineWidth":"5","width":"50","height":"50"},"label":{"fontFamily":"'Lato', sans-serif;","fontWeight":"normal","fontSize":"14px","color":"#000"},"width":"1367"},"Modal":{"root":{"backgroundColor":"#ffffffff","width":"300","height":"300","borderColor":"rgba(209,209,209, 1)","borderWidth":"1","borderStyle":"solid","fontFamily":"'Lato', sans-serif;","shadow":[{"x":"2","y":"2","blur":"4","spread":"6","color":"#0000001f"}]},"title":{"backgroundColor":"rgba(104,190,255, 1)","paddingLeft":"10","paddingTop":"5","paddingBottom":"5","color":"#ffffffff","fontFamily":"'Lato', sans-serif;"},"icon":{"height":"20","fill":"#fdfeffff"},"dialog":{"paddingLeft":"10","paddingRight":"10","paddingTop":"10","paddingBottom":"10","backgroundColor":""}},"Header":{"root":{"position":"relative","fontFamily":"'Lato', sans-serif;","fontSize":"","backgroundColor":"rgba(192, 225, 250, 1)","background":"","fontWeight":"normal"},"profileIcon":{"fontFamily":"'Lato', sans-serif;","fontSize":"","marginRight":"20","width":"25","height":"25","marginLeft":"6","fontWeight":"normal"},"profileMenuLink":{"fontFamily":"'Lato', sans-serif;","fontSize":"","fontWeight":"normal"},"profileLink":{"fontFamily":"'Lato', sans-serif;","fontSize":"","marginRight":"","textAlign":"right","fontWeight":"normal"},"width":"1367","profileMenu":{"fontFamily":"'Lato', sans-serif;","fontSize":"","fontWeight":"normal"},"logo":{"fontFamily":"'Lato', sans-serif;","fontSize":"","fontWeight":"normal"},"title":{"fontFamily":"'Lato', sans-serif;","fontSize":"22px","lineHeight":"24","color":"rgba(0, 0, 0, 1)","marginRight":"30","fontWeight":"normal"},"link":{"fontFamily":"'Lato', sans-serif;","fontSize":"","paddingLeft":"10","paddingRight":"10","fontWeight":"normal"},"signInLink":{"fontFamily":"'Lato', sans-serif;","fontSize":"","marginRight":"20","fontWeight":"normal"}},"FileViewer":{"root":{"color":"#000","borderStyle":"solid","width":"200","height":"200","fontWeight":"normal","fontSize":"16px","fontFamily":"'Lato', sans-serif;","borderColor":"#DAD9D9","textAlign":"center","borderWidth":"1"},"width":"1367"},"table":{"col":{"fontFamily":"'Lato', sans-serif;","fontSize":"","paddingTop":"0","paddingBottom":"0","fontWeight":"normal"},"root":{"borderStyle":"solid","width":"300","height":"200","fontWeight":"normal","position":"absolute","widthUnit":"px","heightUnit":"px","fontSize":"","fontFamily":"'Lato', sans-serif;","borderColor":"rgba(218, 217, 217, 1)","minHeight":"unset","borderWidth":"1","minHeightUnit":"%","borderRadius":""},"tra":{"fontFamily":"'Lato', sans-serif;","height":"30","fontSize":"16px","lineHeight":"22","letterSpacing":0,"fontWeight":"normal","textAlign":"left"},"width":"1367","summary":{"borderStyle":"solid","height":"35","fontWeight":"normal","fontSize":"16px","fontFamily":"'Lato', sans-serif;","backgroundColor":"rgba(209, 232, 249, 1)","borderColor":"","paddingLeft":"20","borderWidth":"0","lineHeight":"22","letterSpacing":0,"textDecoration":""},"gbf":{"fontFamily":"'Lato', sans-serif;","fontWeight":"normal","fontSize":"14px","textAlign":"center","lineHeight":"22","letterSpacing":0},"header":{"fontFamily":"'Lato', sans-serif;","fontSize":"30px","lineHeight":"50","letterSpacing":0,"fontWeight":"normal"},"scroll":{"width":"10","scrollBarColor":"rgba(237, 238, 239, 1)","thumbImage":"linear-gradient(90deg, rgb(255, 255, 255) 0%,rgb(164, 204, 228) 0%,rgb(75, 164, 222) 100%)","borderColor":"rgba(224, 224, 224, 1)","borderStyle":"solid","borderRadius":"4","borderWidth":"1","fontWeight":"normal"},"headerDescription":{"fontFamily":"'Lato', sans-serif;","fontSize":"16px","lineHeight":"22","letterSpacing":0,"fontWeight":"normal"},"gbl":{"fontFamily":"'Lato', sans-serif;","fontWeight":"normal","lineHeight":"20","letterSpacing":0,"textAlign":"left","fontSize":"14px"},"button":{"fontFamily":"'Lato', sans-serif;","fontSize":"16px","fontWeight":"normal","lineHeight":"22","letterSpacing":0},"th":{"color":"rgba(255, 255, 255, 1)","borderStyle":"solid","height":"50","fontWeight":"normal","fontSize":"16px","fontFamily":"'Lato', sans-serif;","backgroundColor":"#68beff","textAlign":"left","borderWidth":"0","lineHeight":"30","letterSpacing":0,"borderRadius":"0"},"icon":{"fontFamily":"'Lato', sans-serif;","fontSize":"","fontWeight":"normal"},"row":{"paddingTop":"","height":"40","fontWeight":"normal","fontSize":"16px","fontFamily":"'Lato', sans-serif;","backgroundColor":"rgba(249, 249, 249, 1)","textAlign":"left","lineHeight":"22","paddingBottom":"","letterSpacing":0}},"Typography":{"subhead":{"fontSize":"24px","fontFamily":"'Lato', sans-serif;","color":"rgba(0, 0, 0, 1)","fontWeight":"normal","letterSpacing":0,"lineHeight":"40","backgroundColor":""},"root":{"position":"absolute","fontFamily":"'Lato', sans-serif;","color":"rgba(0, 0, 0, 1)","fontSize":"","backgroundColor":"","fontWeight":"normal"},"width":"1367","caption":{"fontSize":"14px","fontFamily":"'Lato', sans-serif;","color":"rgba(0, 0, 0, 1)","lineHeight":"23","letterSpacing":0,"backgroundColor":"","fontWeight":"normal"},"h1":{"fontSize":"46px","fontFamily":"'Lato', sans-serif;","color":"rgba(0, 0, 0, 1)","fontWeight":"normal","lineHeight":"77","letterSpacing":0,"backgroundColor":""},"text":{"fontFamily":"'Lato', sans-serif;","fontSize":"","fontWeight":"normal"},"p":{"fontSize":"16px","fontFamily":"'Lato', sans-serif;","color":"rgba(0, 0, 0, 1)","lineHeight":"27","letterSpacing":0,"backgroundColor":"","fontWeight":"normal"},"title":{"fontSize":"72px","fontFamily":"'Lato', sans-serif;","color":"rgba(0, 0, 0, 1)","fontWeight":"normal","lineHeight":"120","letterSpacing":0,"backgroundColor":""},"link":{"fontWeight":"normal"}},"sOk":{"root":{"fontFamily":"'Lato', sans-serif;","paddingLeft":"10","width":"682","height":"344","paddingRight":"30"},"name":{"marginBottom":"","fontFamily":"'Lato', sans-serif;","fontWeight":"normal","fontSize":"16px","paddingLeft":"10","paddingTop":"","marginTop":"","paddingBottom":""},"time":{"fontFamily":"'Lato', sans-serif;","fontWeight":"normal","fontSize":"16px"},"label":{"fontFamily":"'Lato', sans-serif;","fontWeight":"normal","fontSize":"18px","width":"150","paddingBottom":"","paddingTop":"","marginBottom":"","marginTop":""},"meetingType":{"paddingTop":"10","fontFamily":"'Lato', sans-serif;","fontSize":"18px","fontWeight":"normal"},"title":{"fontFamily":"'Lato', sans-serif;","fontWeight":"normal","fontSize":"22px","color":"#000000ff","marginBottom":"30","marginTop":"20","textAlign":"center"},"icon":{"marginRight":"10","fill":"#a09e9eff"},"avatar":{"width":"25","height":"25"},"rich":{"color":"#000000ff","fontFamily":"'Lato', sans-serif;","fontSize":"14px","fontWeight":"normal"},"description":{"fontFamily":"'Lato', sans-serif;","fontSize":"16px","fontWeight":"normal","marginBottom":"10"}},"DateRange":{"cColors":{"--dr--radius":"6px","--dr-border-width":"2px","--dr--sel--backgroundColor":"rgba(104,190,255, 1)","--dr--main--btn-color":"#ffffffff","--dr--main--day-color":"#000","--dr--main--btn--hover-bg":"rgba(104,190,255, 1)","--dr--def--btn-bg":"#908e8eff","--dr--main--btn-txt-color":"#0a0a0aff","--dr-border-style":"solid","--dr--main--week-color":"#000000ff","--dr-sel-border-color":"rgba(104,190,255, 1)","--dr--sel--color":"#ffffffff","--dr--def--btn-color":"#ffffffff","--dr--main--btn-bg":"rgba(209,209,209, 1)"},"root":{"borderColor":"rgba(209,209,209, 1)","borderWidth":"1","borderStyle":"solid"}},"Page":{"root":{"overflow":"visible","fontFamily":"'Lato', sans-serif;"}},"StarRating":{"icon":{"backgroundColor":"","backgroundImage":"'none'","width":"30","height":"30"},"iconSelected":{"color":"rgba(104,190,255, 1)","backgroundColor":""}},"titanForm":{"root":{"position":"absolute","fontFamily":"'Lato', sans-serif;","fontSize":"","fontWeight":"normal"},"width":"1367"},"CES":{"item":{"chartColor":"#0b96ffff;#62b4f3ff;#abd6f7ff","backgroundColor":""},"itemSelected":{"borderWidth":"1","borderStyle":"solid","borderColor":"#023962ff"}},"sCalendar":{"root":{"paddingLeft":"10","fontFamily":"'Lato', sans-serif;"},"calendar":{"--dr--radius":"26px","--dr--week--color":"#0a0a0aff","--dr-border-width":"2px","--dr--sel--backgroundColor":"rgba(104,190,255, 1)","--dr--main--btn-color":"#0a0a0aff","--dr--main--btn-txt-color":"#0a0a0aff","--dr-border-style":"solid","--dr--month--color":"#0a0a0aff","--dr-sel-border-color":"rgba(0,145,255, 1)","--dr--day--color":"#0a0a0aff","--dr--color":"#0a0a0aff","--dr--sel--color":"#ffffffff","--dr--main--btn--hover-color":"#0a0a0aff"},"header":{"color":"#080808ff","fontSize":"18px","fontWeight":"bold","fontFamily":"'Lato', sans-serif;"}},"Drawer":{"hamburgerIcon":{"fontFamily":"'Lato', sans-serif;","fontSize":"","fontWeight":"normal"},"root":{"fontFamily":"'Lato', sans-serif;","fontSize":"","backgroundColor":"rgba(150, 207, 251, 1)","background":"","fontWeight":"normal"},"linkHover":{"backgroundColor":"rgba(192, 225, 250, 1)"},"width":"1367","logo":{"fontFamily":"'Lato', sans-serif;","fontSize":"","fontWeight":"normal"},"closeIcon":{"fontFamily":"'Lato', sans-serif;","fontSize":"","fontWeight":"normal"},"lightbox":{"backgroundColor":"rgba(255, 255, 255, 0.16)","fontWeight":"normal"},"title":{"marginTop":"","fontWeight":"normal","fontSize":"18px","fontFamily":"'Lato', sans-serif;","marginLeft":"10","backgroundColor":"","marginBottom":"10","lineHeight":"22","letterSpacing":0},"icon":{"fontFamily":"'Lato', sans-serif;","fontSize":"20px","fontWeight":"normal"},"link":{"fontFamily":"'Lato', sans-serif;","fontSize":"18px","lineHeight":"22","letterSpacing":0,"marginRight":"10","fontWeight":"normal","color":"rgba(8, 8, 8, 1)"}},"CircleSlider":{"root":{"size":"120","circleWidth":"","knobRadius":"15","tooltipSize":"22","tooltipColor":"#000","progressColor":"rgba(0,145,255, 1)"}},"ItemList":{"root":{"position":"absolute","fontFamily":"'Lato', sans-serif;","fontSize":"","fontWeight":"normal"},"Item":{"color":"#ffffffff","paddingTop":"10","height":"","fontWeight":"normal","paddingRight":"20","fontSize":"16px","fontFamily":"'Lato', sans-serif;","backgroundColor":"#68beff","textAlign":"center","paddingLeft":"20","lineHeight":"22","paddingBottom":"10","letterSpacing":0},"ItemHover":{"color":"#000000ff","paddingTop":"10","fontWeight":"normal","paddingRight":"20","fontSize":"16px","fontFamily":"'Lato', sans-serif;","backgroundColor":"#c0e1fa","textAlign":"center","paddingLeft":"20","lineHeight":"22","paddingBottom":"10","letterSpacing":0},"ItemActive":{"color":"#000000ff","paddingTop":"10","fontWeight":"normal","paddingRight":"20","fontSize":"16px","fontFamily":"'Lato', sans-serif;","backgroundColor":"#c0e1fa","textAlign":"center","paddingLeft":"20","lineHeight":"22","paddingBottom":"10","letterSpacing":0},"width":"1367"},"Stepper":{"iconActive":{"fill":"rgba(0,145,255, 1)"},"iconComplete":{"fill":"rgba(0,145,255, 1)"},"btnRoot":{"justifyContent":"center"},"btn":{"color":"#f9f9f9ff","borderStyle":"solid","width":"150","height":"30","fontWeight":"normal","marginRight":"10","fontSize":"14px","fontFamily":"'Lato', sans-serif;","backgroundColor":"rgba(104,190,255, 1)","borderWidth":"0","borderRadius":"6"},"width":"1367","root":{"width":"400","height":"400"},"panelRoot":{"width":"100","height":"80","widthUnit":"%"}},"galleryCarousel":{"root":{"borderStyle":"solid","width":"700","height":"400","fontWeight":"normal","position":"absolute","widthUnit":"px","heightUnit":"px","fontSize":"","fontFamily":"'Lato', sans-serif;","minHeight":"unset","borderWidth":"0","minHeightUnit":"%","borderRadius":"0"},"header":{"fontFamily":"'Lato', sans-serif;","fontSize":"30px","lineHeight":"50","letterSpacing":0,"fontWeight":"normal"},"headerDescription":{"fontFamily":"'Lato', sans-serif;","fontSize":"16px","lineHeight":"22","letterSpacing":0,"fontWeight":"normal"},"original":{"width":"400","height":"336","fontWeight":"normal"},"thumbnail":{"width":"100","height":"100","fontWeight":"normal","borderColor":"rgba(253, 253, 253, 1)","borderStyle":"solid","borderWidth":"3"},"thumbnailActive":{"width":"100","height":"100","fontWeight":"normal","borderColor":"rgba(104, 190, 255, 1)","borderStyle":"solid","borderWidth":"3"},"width":"1367"},"Button":{"root":{"color":"rgba(255, 255, 255, 1)","borderStyle":"solid","width":"180","height":"52","fontWeight":"normal","position":"absolute","fontSize":"","fontFamily":"'Lato', sans-serif;","borderColor":"#0091ff","borderWidth":"1","borderRadius":"26"},"primary":{"color":"rgba(255, 255, 255, 1)","paddingTop":"0","borderStyle":"solid","width":"180","height":"52","fontWeight":"normal","paddingRight":"0","fontSize":"18px","fontFamily":"'Lato', sans-serif;","backgroundColor":"#0091ff","borderColor":"#0091ff","paddingLeft":"0","borderWidth":"1","lineHeight":"30","paddingBottom":"0","letterSpacing":0,"borderRadius":"26"},"width":"1367","secondaryHover":{"color":"rgba(0, 145, 255, 1)","paddingTop":"0","borderStyle":"solid","width":"180","height":"52","fontWeight":"normal","paddingRight":"0","fontSize":"18px","fontFamily":"'Lato', sans-serif;","backgroundColor":"rgba(255, 255, 255, 1)","borderColor":"#0091ff","paddingLeft":"0","borderWidth":"1","lineHeight":"30","paddingBottom":"0","letterSpacing":0,"borderRadius":"26"},"rootActive":{"borderColor":"#0091ff","borderStyle":"solid","width":"180","height":"52","borderWidth":"1","borderRadius":"26"},"primaryActive":{"color":"rgba(255, 255, 255, 1)","paddingTop":"0","borderStyle":"solid","width":"180","height":"52","fontWeight":"normal","paddingRight":"0","fontSize":"18px","fontFamily":"'Lato', sans-serif;","backgroundColor":"#0091ff","borderColor":"#0091ff","paddingLeft":"0","borderWidth":"1","lineHeight":"30","paddingBottom":"0","letterSpacing":0,"borderRadius":"26"},"button":{"fontFamily":"'Lato', sans-serif;","fontSize":"","fontWeight":"normal"},"secondary":{"color":"rgba(0, 145, 255, 1)","paddingTop":"0","borderStyle":"solid","width":"180","height":"52","fontWeight":"normal","paddingRight":"0","fontSize":"18px","fontFamily":"'Lato', sans-serif;","backgroundColor":"rgba(255, 255, 255, 1)","borderColor":"#0091ff","paddingLeft":"0","borderWidth":"1","lineHeight":"30","paddingBottom":"0","letterSpacing":0,"borderRadius":"26"},"primaryHover":{"color":"rgba(255, 255, 255, 1)","paddingTop":"0","borderStyle":"solid","width":"180","height":"52","fontWeight":"normal","paddingRight":"0","fontSize":"18px","fontFamily":"'Lato', sans-serif;","backgroundColor":"#0091ff","borderColor":"#0091ff","paddingLeft":"0","borderWidth":"1","lineHeight":"30","paddingBottom":"0","letterSpacing":0,"borderRadius":"26"},"rootHover":{"borderColor":"#0091ff","borderStyle":"solid","width":"180","height":"52","borderWidth":"1","borderRadius":"26"},"secondaryActive":{"color":"rgba(0, 145, 255, 1)","paddingTop":"0","borderStyle":"solid","width":"180","height":"52","fontWeight":"normal","paddingRight":"0","fontSize":"18px","fontFamily":"'Lato', sans-serif;","backgroundColor":"rgba(255, 255, 255, 1)","borderColor":"#0091ff","paddingLeft":"0","borderWidth":"1","lineHeight":"30","paddingBottom":"0","letterSpacing":0,"borderRadius":"26"}},"lookupModal":{"content":{"backgroundColor":"#ffffffff"},"title":{"backgroundColor":"rgba(104,190,255, 1)"},"bottomText":{"backgroundColor":"rgba(104,190,255, 1)"},"header":{"backgroundColor":"#68beff33","fontFamily":"'Lato', sans-serif;","fontSize":"16px","lineHeight":20,"fontWeight":"bold"},"width":"1367"},"Line":{"root":{"position":"absolute","fontFamily":"'Lato', sans-serif;","borderStyle":"solid","borderWidth":"2","height":"2","fontSize":"","borderColor":"rgba(164, 164, 164, 1)","fontWeight":"normal"},"width":"1367"},"TestimonialsCarousel":{"root":{"width":"500","height":"300"},"image":{"width":"100","height":"100","borderStyle":"solid","borderRadius":"100","borderWidth":"1","borderColor":"#818181ff"},"slide":{"width":"200"}},"SmartVSignUpPage":{"root":{"fontFamily":"'Lato', sans-serif;","fontSize":"","fontWeight":"normal"},"bottomLink":{"fontFamily":"'Lato', sans-serif;","fontSize":"16px","lineHeight":"18","letterSpacing":0,"color":"rgba(0, 145, 255, 1)","fontWeight":"normal"},"width":"1367","page":{"fontFamily":"'Lato', sans-serif;","fontSize":"","fontWeight":"normal"},"fieldInput":{"fontFamily":"'Lato', sans-serif;","fontSize":"18px","lineHeight":"22","letterSpacing":0,"color":"rgba(0, 0, 0, 1)","fontWeight":"normal"},"bottomText":{"fontFamily":"'Lato', sans-serif;","fontSize":"18px","lineHeight":"22","letterSpacing":0,"color":"rgba(173, 173, 173, 1)","fontWeight":"normal"},"title":{"fontFamily":"'Lato', sans-serif;","fontSize":"46px","lineHeight":"56","letterSpacing":0,"color":"rgba(10, 10, 10, 1)","fontWeight":"normal"},"buttonContinue":{"fontFamily":"'Lato', sans-serif;","fontSize":"18px","lineHeight":"22","letterSpacing":0,"fontWeight":"normal"},"fieldLabel":{"fontFamily":"'Lato', sans-serif;","fontSize":"14px","lineHeight":"16","letterSpacing":0,"color":"rgba(128, 128, 128, 1)","fontWeight":"normal"},"description":{"fontFamily":"'Lato', sans-serif;","fontSize":"16px","lineHeight":"27","letterSpacing":0,"color":"rgba(0, 0, 0, 1)","fontWeight":"normal"}},"Tab":{"root":{"color":"#000000ff","borderStyle":"solid","width":"300","height":"200","fontWeight":"normal","fontSize":"16px","fontFamily":"'Lato', sans-serif;","borderColor":"rgba(218, 217, 217, 1)","borderWidth":"1"},"indicator":{"backgroundColor":"rgba(0,145,255, 1)"},"tabBtnSelected":{"color":"rgba(0,145,255, 1)","fontWeight":"bold","fontFamily":"'Lato', sans-serif;","width":"300"},"tabBtnDisabled":{"color":"#00000061","fontFamily":"'Lato', sans-serif;","width":"300"},"tabBtn":{"fontFamily":"'Lato', sans-serif;","width":"300"},"tabBtnHover":{"fontFamily":"'Lato', sans-serif;","width":"300"},"tabBtnActive":{"fontFamily":"'Lato', sans-serif;","width":"300"},"width":"1367"},"Ranking":{"input":{"borderStyle":"solid","borderRadius":4,"borderWidth":"1","paddingLeft":"5"},"handle":{"color":"rgba(104,190,255, 1)"}},"sProfile":{"root":{"backgroundColor":"rgba(104,190,255, 1)","color":"#000000ff","fontFamily":"'Lato', sans-serif;"},"avatar":{"width":"30","height":"30","marginTop":"10","marginLeft":"10","backgroundColor":"#ffffffff","color":"rgba(0,145,255, 1)"},"line":{"borderColor":"#ffffffff","borderWidth":"1","borderStyle":"solid"},"name":{"marginLeft":"10","color":"#000000ff","fontSize":"18px","marginBottom":"","fontFamily":"'Lato', sans-serif;"},"header":{"marginLeft":"10","color":"#000000ff","fontSize":"16px","fontFamily":"'Lato', sans-serif;","fontWeight":"bold"},"description":{"marginLeft":"10","fontSize":"14px","fontFamily":"'Lato', sans-serif;","fontWeight":"normal"}},"FormField":{"autoSuggest":{"fontFamily":"'Lato', sans-serif;","fontWeight":"normal","fontSize":"16px","color":"#000","paddingTop":"5","paddingBottom":"5","backgroundColor":"#ffffffff"},"autoSuggestHover":{"fontFamily":"'Lato', sans-serif;","fontWeight":"normal","fontSize":"16px","color":"#ffffffff","backgroundColor":"rgba(104,190,255, 1)","paddingTop":"5","paddingBottom":"5"},"autoSuggestActive":{"fontFamily":"'Lato', sans-serif;","fontWeight":"normal","fontSize":"16px","color":"#ffffffff","backgroundColor":"rgba(104,190,255, 1)","paddingTop":"5","paddingBottom":"5"}},"PageSearch":{"root":{"textVariant":"outlined","primary":"rgba(0,145,255, 1)","sizeVariant":"small"},"searchIcon":{"fill":"rgba(0,145,255, 1)","width":"40","height":"40"},"input":{"input":{"fontFamily":"'Lato', sans-serif;","fontWeight":"normal","fontSize":"16px"},"text":"#000"},"width":"1367"},"SmartVVerificationPage":{"root":{"fontFamily":"'Lato', sans-serif;","fontSize":"","fontWeight":"normal"},"title":{"fontFamily":"'Lato', sans-serif;","fontSize":"30px","lineHeight":"36","letterSpacing":0,"fontWeight":"normal"},"description":{"fontFamily":"'Lato', sans-serif;","fontSize":"16px","lineHeight":"22","letterSpacing":0,"color":"rgba(128, 128, 128, 1)","fontWeight":"normal"},"fieldInput":{"fontFamily":"'Lato', sans-serif;","fontSize":"18px","lineHeight":"22","letterSpacing":0,"fontWeight":"normal"},"buttonContinue":{"fontFamily":"'Lato', sans-serif;","fontSize":"18px","lineHeight":"22","letterSpacing":0,"fontWeight":"normal"},"bottomLink":{"fontFamily":"'Lato', sans-serif;","fontSize":"18px","lineHeight":"22","letterSpacing":0,"color":"rgba(173, 173, 173, 1)","fontWeight":"normal"},"page":{"fontFamily":"'Lato', sans-serif;","fontSize":"","fontWeight":"normal"},"width":"1367"},"sForm":{"header":{"fontFamily":"'Lato', sans-serif;","fontWeight":"bold","fontSize":"18px","color":"#080808ff"},"root":{"paddingLeft":"10","fontFamily":"'Lato', sans-serif;"},"label":{"fontFamily":"'Lato', sans-serif;","fontWeight":"normal","fontSize":"14px","marginBottom":"15","width":"140"},"avatar":{"width":"20","height":"20","marginRight":"10","fontSize":"14px"},"value":{"marginBottom":"15"},"title":{"marginBottom":"15"},"btn":{"color":"#ffffffff","borderStyle":"solid","width":"100","marginTop":"20","height":"30","fontSize":"14px","fontFamily":"'Lato', sans-serif;","backgroundColor":"rgba(104,190,255, 1)","borderWidth":"0","borderRadius":"6"}},"TablePricing":{"tblBody":{"paddingLeft":"20"},"tblGroup":{"borderWidth":"1","borderStyle":"solid","borderColor":"rgba(209,209,209, 1)","borderRadius":"6","paddingLeft":"","paddingBottom":"10"},"root":{"fontFamily":"'Lato', sans-serif;","fontWeight":"normal","paddingLeft":"","paddingRight":""},"tblCol":{"paddingLeft":"8","paddingRight":"8"},"tblGroupSubTotal":{"color":"#ffffffff","fontFamily":"'Lato', sans-serif;","fontSize":"16px","paddingTop":"","paddingRight":"","marginBottom":"0"},"totalBlock":{"paddingTop":"20","borderStyle":"solid","width":"300","marginTop":"30","height":"80","backgroundColor":"rgba(0,145,255, 1)","borderColor":"rgba(209,209,209, 1)","borderWidth":"1","paddingBottom":"20","borderRadius":"6"},"tblGroupSubPrice":{"fontFamily":"'Lato', sans-serif;","fontWeight":"normal","fontSize":"20px","color":"#ffffffff","marginRight":"10"},"tblHeader":{"paddingLeft":"20","fontWeight":"normal","fontSize":"18px","fontFamily":"'Lato', sans-serif;","color":"#000000ff","paddingBottom":"10","paddingTop":"15","height":"60"},"totalValue":{"paddingRight":"20","color":"#ffffffff","fontFamily":"'Lato', sans-serif;","fontWeight":"normal","fontSize":"20px","paddingTop":"8","marginRight":"34"},"tblGroupHeader":{"backgroundColor":"rgba(0,145,255, 1)","borderRadius":"6px 6px 0px 0px","paddingLeft":"20","height":"80","paddingBottom":"20","paddingTop":"10"},"totalLabel":{"paddingLeft":"20","backgroundColor":"","fontFamily":"'Lato', sans-serif;","fontWeight":"normal","fontSize":"18px","color":"#ffffffff","paddingTop":"8"},"tblGroupTitle":{"fontFamily":"'Lato', sans-serif;","fontWeight":"normal","fontSize":"22px","color":"#ffffffff","marginBottom":"-1"},"icon":{"fill":"#ffffffff"},"tblRow":{"paddingTop":"10","borderStyle":"solid","height":"auto","fontWeight":"normal","fontSize":"16px","fontFamily":"'Lato', sans-serif;","paddingLeft":"","minHeight":"40","borderWidth":"0","paddingBottom":"10"}},"DrawerEl":{"title":{"fontFamily":"'Lato', sans-serif;","fontSize":"16px","color":"#ffffffff","fontWeight":"normal","backgroundColor":"","paddingLeft":"10"},"toolbar":{"backgroundColor":"rgba(104,190,255, 1)","height":"63"},"icon":{"fill":"#ffffffff","stroke":"#ffffffff","strokeWidth":"1","width":"","height":"20"},"content":{"paddingLeft":"","paddingRight":""},"wrap":{"paddingLeft":"10","paddingRight":"10"}},"galleryGrid":{"root":{"width":"300","height":"300","fontWeight":"normal","position":"absolute","widthUnit":"px","heightUnit":"px","fontSize":"","fontFamily":"'Lato', sans-serif;","minHeight":"unset","minHeightUnit":"%"},"header":{"fontFamily":"'Lato', sans-serif;","fontSize":"30px","letterSpacing":0,"lineHeight":"50","fontWeight":"normal"},"headerDescription":{"fontFamily":"'Lato', sans-serif;","fontSize":"16px","lineHeight":"22","letterSpacing":0,"fontWeight":"normal"},"width":"1367"},"Strip":{"root":{"height":"auto","minHeight":"600","fontFamily":"'Lato', sans-serif;","shadow":[{"color":"rgba(208, 38, 38, 1)"}],"fontSize":"","fontWeight":"normal","backgroundImage":""},"width":"1367"},"My Widget":{"root":{"fontFamily":"'Lato', sans-serif;","fontSize":"","fontWeight":"normal"},"width":"1367"},"SurveyList":{"item":{"backgroundColor":""},"icon":{"backgroundColor":"","fill":"rgba(0,145,255, 1)"}},"ConfirmationModal":{"root":{"fontFamily":"'Lato', sans-serif;","fontSize":"","fontWeight":"normal"},"title":{"fontFamily":"'Lato', sans-serif;","fontSize":"18px","lineHeight":"22","letterSpacing":0,"color":"rgba(0, 0, 0, 1)","fontWeight":"normal"},"description":{"fontFamily":"'Lato', sans-serif;","fontSize":"14px","lineHeight":"20","letterSpacing":0,"color":"rgba(0, 0, 0, 1)","fontWeight":"normal"},"cancel":{"fontFamily":"'Lato', sans-serif;","fontSize":"16px","lineHeight":"23","letterSpacing":0,"fontWeight":"normal"},"apply":{"fontFamily":"'Lato', sans-serif;","fontSize":"16px","lineHeight":"22","letterSpacing":0,"fontWeight":"normal"},"width":"1367"},"MultiStepper":{"root":{"width":"250","height":"200","borderColor":"rgba(209,209,209, 1)","borderWidth":"1","borderStyle":"solid"},"btnRoot":{"justifyContent":"center"},"btn":{"width":"80","height":"30","marginRight":"10","backgroundColor":"rgba(104,190,255, 1)","color":"#ffffffff","borderWidth":"0","borderStyle":"solid","borderRadius":"6"}},"ExtendedGallery":{"root":{"borderStyle":"solid","width":"330","height":"300","fontWeight":"normal","position":"absolute","backgroundImage":"''","fontSize":"","fontFamily":"'Lato', sans-serif;","backgroundColor":"rgba(255, 255, 255, 1)","borderColor":"rgba(218, 217, 217, 1)","borderWidth":"1"},"userAvatar":{"fontFamily":"'Lato', sans-serif;","fontSize":"","width":"60","height":"60","fontWeight":"normal"},"width":"1367","userPoweredBy":{"fontFamily":"'Lato', sans-serif;","fontSize":"16px","lineHeight":"27","letterSpacing":0,"textAlign":"left","fontWeight":"normal"},"button":{"borderStyle":"solid","fontWeight":"normal","fontSize":"14px","fontFamily":"'Lato', sans-serif;","backgroundColor":"rgba(228, 228, 228, 1)","borderColor":"rgba(183, 180, 180, 1)","borderWidth":"1","lineHeight":"20","letterSpacing":0,"borderRadius":2},"userContainer":{"fontFamily":"'Lato', sans-serif;","fontSize":"","fontWeight":"normal"},"userName":{"fontFamily":"'Lato', sans-serif;","fontSize":"16px","lineHeight":"27","letterSpacing":0,"fontWeight":"normal","textAlign":"left"},"title":{"fontFamily":"'Lato', sans-serif;","fontSize":"30px","lineHeight":"36","letterSpacing":0,"paddingTop":"20","fontWeight":"normal"},"description":{"fontFamily":"'Lato', sans-serif;","fontSize":"18px","lineHeight":"26","letterSpacing":0,"fontWeight":"normal"}},"Link":{"root":{"color":"#0091ffff","paddingTop":"","borderStyle":"solid","fontWeight":"normal","paddingRight":"","fontSize":"16px","fontFamily":"'Lato', sans-serif;","backgroundColor":"","paddingLeft":"","borderWidth":"0","lineHeight":"20","paddingBottom":"","letterSpacing":0,"textDecoration":"underline"},"aHover":{"color":"#0091ffff","paddingTop":"0","borderStyle":"solid","fontWeight":"normal","paddingRight":"0","fontSize":"16px","fontFamily":"'Lato', sans-serif;","backgroundColor":"#ffffff00","paddingLeft":"0","borderWidth":"0","lineHeight":"20","paddingBottom":"0","letterSpacing":0,"textDecoration":"underline"},"rootHover":{"color":"#0091ffff","paddingTop":"0","borderStyle":"solid","fontWeight":"normal","paddingRight":"0","fontSize":"16px","fontFamily":"'Lato', sans-serif;","backgroundColor":"#ffffff00","paddingLeft":"0","borderWidth":"0","lineHeight":"20","paddingBottom":"0","letterSpacing":0,"textDecoration":"underline"},"aActive":{"color":"#0091ff","paddingTop":"0","borderStyle":"solid","fontWeight":"normal","paddingRight":"0","fontSize":"16px","fontFamily":"'Lato', sans-serif;","backgroundColor":"#ffffff00","paddingLeft":"0","borderWidth":"0","lineHeight":"20","paddingBottom":"0","letterSpacing":0,"textDecoration":"underline"},"rootActive":{"color":"#0091ff","paddingTop":"0","borderStyle":"solid","fontWeight":"normal","paddingRight":"0","fontSize":"16px","fontFamily":"'Lato', sans-serif;","backgroundColor":"#ffffff00","paddingLeft":"0","borderWidth":"0","lineHeight":"20","paddingBottom":"0","letterSpacing":0,"textDecoration":"underline"},"width":"1367"},"Scheduler":{"root":{"paddingTop":"10","borderStyle":"solid","width":"682","height":"344","fontWeight":"normal","paddingRight":"10","fontFamily":"'Lato', sans-serif;","borderColor":"#909090ff","paddingLeft":"10","borderWidth":"1","paddingBottom":"10"}},"Image":{"root":{"position":"absolute","fontFamily":"'Lato', sans-serif;","width":"250","height":"200","fontSize":"","fontWeight":"normal"},"width":"1367"},"Footer":{"root":{"position":"relative","fontFamily":"'Lato', sans-serif;","fontSize":"","fontWeight":"normal"},"width":"1367"},"ImageChoice":{"imageRootSelected":{"borderWidth":"1","borderStyle":"solid","borderColor":"rgba(0,145,255, 1)"}},"Range":{"rail":{"backgroundColor":"#000"},"track":{"backgroundColor":"rgba(104,190,255, 1)"},"thumb":{"backgroundColor":"rgba(104,190,255, 1)"},"thumbHover":{"backgroundColor":"rgba(0,145,255, 1)"},"thumbActive":{"backgroundColor":"rgba(0,145,255, 1)"},"thumbSelected":{"backgroundColor":"rgba(0,145,255, 1)"},"bubble":{"color":"rgba(0,145,255, 1)"}},"Rating":{"root":{"backgroundColor":"","width":""},"item":{"color":"#000","borderStyle":"solid","width":"","fontWeight":"normal","fontSize":"14px","fontFamily":"'Lato', sans-serif;","backgroundColor":"#ffffffff","borderColor":"#000000ff","borderWidth":"1"},"itemHover":{"backgroundColor":"rgba(104,190,255, 1)","fontFamily":"'Lato', sans-serif;","fontWeight":"normal","fontSize":"14px","color":"#ffffffff","borderColor":"#000","borderWidth":"1","borderStyle":"solid"},"itemActive":{"backgroundColor":"rgba(104,190,255, 1)","fontFamily":"'Lato', sans-serif;","color":"#ffffffff","fontSize":"14px","borderColor":"#000","borderWidth":"1","borderStyle":"solid"},"itemSelected":{"backgroundColor":"rgba(104,190,255, 1)","fontFamily":"'Lato', sans-serif;","fontWeight":"normal","fontSize":"14px","color":"#ffffffff","borderColor":"#000","borderWidth":"1","borderStyle":"solid"}},"infoBox":{"root":{"shadow":[{"color":"rgba(0, 0, 0, 0)"}],"borderStyle":"solid","width":"350","height":"160","fontWeight":"normal","position":"absolute","widthUnit":"px","heightUnit":"px","fontSize":"","fontFamily":"'Lato', sans-serif;","backgroundColor":"rgba(255, 255, 255, 1)","borderColor":"rgba(218, 217, 217, 1)","minHeight":"unset","borderWidth":"1","paddingBottom":"","minHeightUnit":"%"},"title":{"fontFamily":"'Lato', sans-serif;","fontSize":"24px","lineHeight":"30","letterSpacing":0,"marginRight":"20","fontWeight":"normal"},"content":{"fontFamily":"'Lato', sans-serif;","fontSize":"36px","color":"rgba(0, 0, 0, 1)","lineHeight":"50","letterSpacing":0,"marginRight":"20","fontWeight":"normal"},"subText":{"color":"rgba(121, 121, 121, 1)","paddingTop":"","fontWeight":"normal","fontSize":"16px","fontFamily":"'Lato', sans-serif;","marginLeft":"20","marginBottom":"10","lineHeight":"30","letterSpacing":0},"icon":{"fill":"#0091ff","paddingTop":"15","width":"100","height":"100","fontWeight":"normal","fontSize":"","fontFamily":"'Lato', sans-serif;","backgroundColor":"","paddingBottom":"15"},"divider":{"backgroundColor":"rgba(216, 216, 216, 1)","paddingLeft":"","marginLeft":"10","marginRight":"10","fontWeight":"normal"},"width":"1367"},"list":{"col":{"fontFamily":"'Lato', sans-serif;","fontSize":"16px","paddingTop":"","paddingBottom":"","fontWeight":"normal"},"headCol":{"fontSize":"16px","color":"rgba(253, 253, 253, 1)","fontFamily":"'Lato', sans-serif;","fontWeight":"normal","lineHeight":"22","letterSpacing":0},"root":{"shadow":[{"color":"rgba(0, 0, 0, 0)"}],"borderStyle":"solid","width":"300","height":"200","fontWeight":"normal","position":"absolute","widthUnit":"px","heightUnit":"px","fontSize":"","fontFamily":"'Lato', sans-serif;","borderColor":"rgba(218, 217, 217, 1)","minHeight":"unset","borderWidth":"1","minHeightUnit":"%","borderRadius":"0"},"grouping":{"fontFamily":"'Lato', sans-serif;","fontSize":"","fontWeight":"normal"},"width":"1367","colSelection":{"fontFamily":"'Lato', sans-serif;","fontSize":"","fontWeight":"normal"},"header":{"fontFamily":"'Lato', sans-serif;","fontSize":"30px","lineHeight":"50","letterSpacing":0,"fontWeight":"normal"},"scroll":{"borderStyle":"solid","thumbImage":"linear-gradient(90deg, rgb(164, 204, 228) 25.3%,rgb(75, 164, 222) 92.4%)","width":"10","fontWeight":"normal","thumbColor":"","borderColor":"rgba(224, 224, 224, 1)","borderWidth":"1","scrollBarColor":"rgba(237, 238, 239, 1)","borderRadius":"4"},"activeTab":{"fontFamily":"'Lato', sans-serif;","fontSize":"","backgroundColor":"rgba(209, 232, 249, 1)","fontWeight":"normal"},"headerDescription":{"fontFamily":"'Lato', sans-serif;","fontSize":"16px","lineHeight":"22","letterSpacing":0,"fontWeight":"normal"},"tab":{"fontFamily":"'Lato', sans-serif;","fontSize":"","fontWeight":"normal"},"row":{"fontFamily":"'Lato', sans-serif;","fontSize":"16px","height":"40","lineHeight":"22","letterSpacing":0,"fontWeight":"normal"},"headRow":{"fontFamily":"'Lato', sans-serif;","backgroundColor":"#68beff","fontSize":"18px","letterSpacing":0,"lineHeight":"38","height":"50","fontWeight":"normal"}},"EComProdCtrl":{"addToCartBtn":{"width":"150"},"quantBtn":{"fontFamily":"'Lato', sans-serif;","width":""},"width":"1367","quantInp":{"width":"10"},"slideSmallImg":{"width":"100","height":"100"},"slideSmallImgRoot":{"width":"100","height":"100"}},"dateRangeModal":{"content":{"backgroundColor":"#ffffffff"},"close":{"backgroundColor":""},"title":{"backgroundColor":"rgba(104,190,255, 1)"},"cColors":{"--dr--sel--backgroundColor":"rgba(104,190,255, 1)","--dr-sel-border-color":"rgba(104,190,255, 1)","--dr-border-width":"0px","--dr--radius":"6px","--dr--sel--color":"#ffffffff","--dr-border-style":"solid","--dr--main--btn-color":"#000"},"bottomText":{"backgroundColor":"rgba(104,190,255, 1)"}},"chart":{"root":{"shadow":[{"color":"rgba(0, 0, 0, 0.2)"}],"borderStyle":"solid","width":"300","height":"200","fontWeight":"normal","position":"absolute","widthUnit":"px","paddingRight":"10","heightUnit":"px","fontSize":"","fontFamily":"'Lato', sans-serif;","borderColor":"rgba(218, 217, 217, 1)","paddingLeft":"10","minHeight":"unset","borderWidth":"1","minHeightUnit":"%"},"header":{"fontFamily":"'Lato', sans-serif;","fontSize":"30px","lineHeight":"50","letterSpacing":0,"fontWeight":"normal"},"headerDescription":{"fontFamily":"'Lato', sans-serif;","fontSize":"16px","lineHeight":"22","letterSpacing":0,"fontWeight":"normal"},"no-data":{"fontFamily":"'Lato', sans-serif;","fontSize":"18px","fontWeight":"normal","lineHeight":"24","letterSpacing":0},"axisX":{"fontFamily":"'Lato', sans-serif;","fontSize":"12px","lineHeight":"16","letterSpacing":0,"fontWeight":"normal"},"axisY":{"fontFamily":"'Lato', sans-serif;","fontSize":"12px","fontWeight":"normal","lineHeight":"16","letterSpacing":0},"chartColor":{"fontFamily":"'Lato', sans-serif;","chartColor":"#259ffb;#68beff;#9ad3ff;#b3deff;#b3deff;#087ed7","fontSize":"","fontWeight":"normal"},"width":"1367"},"SchedulerField":{"root":{"sizeVariant":"small","primary":"rgba(0,145,255, 1)"}},"sMTypes":{"header":{"fontSize":"18px","fontWeight":"bold","color":"#000000ff","fontFamily":"'Lato', sans-serif;"},"root":{"paddingLeft":"10","color":"#000000ff","fontFamily":"'Lato', sans-serif;"},"icon":{"width":"18","fill":"rgba(0,145,255, 1)","backgroundColor":"","borderStyle":"solid","borderWidth":"0","borderRadius":"6"},"name":{"fontFamily":"'Lato', sans-serif;","fontWeight":"normal","fontSize":"16px","color":"rgba(0,145,255, 1)"}},"FlexStrip":{"root":{"height":"200"}}},"PageConditionalForm":{"start":{"backgroundColor":"#b3d9f7ff"},"submitBtn":{"backgroundColor":"rgba(0,145,255, 1)","color":"#ffffffff"},"question":{"fontFamily":"'Lato', sans-serif;"},"nextBtn":{"color":"#ffffffff","backgroundColor":"rgba(104,190,255, 1)"},"progress":{"trackColor":"#023c6bff","color":"rgba(104,190,255, 1)"},"finish":{"backgroundColor":"#b3d9f7ff"},"backBtn":{"color":"#ffffffff","backgroundColor":"rgba(104,190,255, 1)"},"navBtn":{"borderColor":"#000000ff","hBorderColor":"#000000ff"},"startBtn":{"backgroundColor":"rgba(0,145,255, 1)","color":"#f9f9f9ff"},"againBtn":{"backgroundColor":"rgba(0,145,255, 1)","color":"#ffffffff"}},"primaryContrastColor":"#ffffff"},"RepeatedStripsID":[],"lastID":15,"isEnabledVersions":true,"customFonts":[],"ui":{"syncParams":false,"allowClassicConditions":false},"elements":{"Footer":{"type":"Strip","props":{"styleRef":"Footer"},"children":[]}},"rules":{"652bc86fc196ef2b5968dbd2:652bc86fc196ef2b5968dbd2":[{"uid":"53fd90f4-66f4-4206-b1f1-47e93f3f1a65","conditions":[],"isAction":false,"actions":{"actionFlow":{"0":{"enabled":true,"list":[{"id":"2820094c-ce55-40eb-80b5-c806f3e74ab7","type":"input","data":{"label":"Start"},"position":{"x":0,"y":0}},{"id":"637668b1-3531-41bc-97b9-582578598b77","type":"condition","actionType":"condition","tag":"","data":[{"uid":"30b07b47-e66d-4606-b115-820359ca478a","conditions":[{"field":{"paramType":"static","value":"2ce6ecbd-9657-44fb-81e4-f938e9ffb2e2","label":"[GV / username]","group":"param","type":"param"},"operator":"isnotempty","valueType":"value","value2Type":"value","value":"","value2":"","bracket":"","post":""},{"field":{"paramType":"static","value":"512a10ee-daa8-4ea8-ada3-f378a71dc64d","label":"[GV / full_name]","group":"param","type":"param"},"operator":"isnotempty","valueType":"value","value":"","bracket":"","post":""}],"isAction":false,"actions":{},"modeType":"flow"}],"position":{"x":100,"y":100}},{"type":"default","targetHandle":"if","target":"637668b1-3531-41bc-97b9-582578598b77","source":"2820094c-ce55-40eb-80b5-c806f3e74ab7","id":"9da414e5-92fd-4a1a-8989-266b262c8fe3","style":{"strokeDasharray":5},"label":"x","labelStyle":{"fontSize":14}},{"id":"3f03289f-0e06-4a32-9ca2-39a7c9185121","type":"affectElements","actionType":"affectElements","tag":"","data":{"p2:e4":[{"elemType":"FormField","type":"set_value_from","from":{"paramType":"static","value":"2ce6ecbd-9657-44fb-81e4-f938e9ffb2e2","label":"[GV / username]","group":"param","type":"param"}}],"p2:e5":[{"elemType":"FormField","type":"set_value_from","from":{"paramType":"static","value":"512a10ee-daa8-4ea8-ada3-f378a71dc64d","label":"[GV / full_name]","group":"param","type":"param"}}]},"position":{"x":200,"y":200}},{"sourceHandle":"then-0","target":"3f03289f-0e06-4a32-9ca2-39a7c9185121","style":{"strokeDasharray":5},"label":"x","targetHandle":"if","type":"default","source":"637668b1-3531-41bc-97b9-582578598b77","id":"bffc645e-c6a9-4373-8b0a-09048c5abde1","labelStyle":{"fontSize":14}}]}}},"modeType":"flow"}]},"runtime":{"publish":"origin"},"versionsSettings":{"isUseGit":true,"repo":"myWebProject","branch":"main"}},"URL":"ftf995e452d6a346729568668a2080c33d","Status":"Draft","Tags":[],"IsDisabled":false,"isPublic":true,"Version":0,"ProjectType":"web","CreatedAt":"2023-10-15T11:09:35.584Z","PublishPages":[],"__v":0,"ShortUrl":"","UpdatedAt":"2023-10-15T16:14:59.387Z"}