{"_id":"652bc86fc196ef2b5968dbcf","UserID":237058,"IsDeleted":false,"Props":{"elements":{"e10":{"type":"FormField","props":{"control":"fileupload","lg":{"value":"","label":"Choose files","placeholder":"","variant":"dropzone","gridArea":"Col1","position":{"left":770,"top":28,"leftUnit":"px","topUnit":"px","right":"","bottom":"","transform":""},"hideErrorIndicator":false,"isHidden":false},"styleRef":"e10"},"children":[],"parent":"s7"},"s7":{"type":"Strip","props":{"styleRef":"s7"},"children":["e8","e9","e10","e11"],"parent":null},"e11":{"type":"Button","props":{"lg":{"text":"Send Email Titan","gridArea":"Col1","variant":"secondary","position":{"left":553,"top":455,"leftUnit":"px","topUnit":"px","right":"","bottom":"","transform":""},"allowProgress":false,"isHidden":false},"target":"self","customURL":"","type":"redirect","redirect":{"label":"Other","value":"other"},"styleRef":"e11","action":[{"uid":"9fac9495-93e4-44b3-a334-1e8c99cc4301","conditions":[],"isAction":false,"actions":{"actionFlow":{"0":{"list":[{"id":"f1b0e1cf-3868-43d5-a952-2ba4d03de49f","type":"input","data":{"label":"Start"},"position":{"x":0,"y":0}},{"id":"bcd70a0f-9ad1-4c4d-9bbe-8ccf391ecb15","type":"action","actionType":"WorkFlow","tag":"","data":{"WorkFlow":{"0":{"enabled":true,"action":"652c093cc196ef2b5968e302","PublishedURL":""}}},"position":{"x":190,"y":114}},{"sourceHandle":null,"target":"bcd70a0f-9ad1-4c4d-9bbe-8ccf391ecb15","style":{"strokeDasharray":5},"label":"x","targetHandle":"if","type":"default","source":"f1b0e1cf-3868-43d5-a952-2ba4d03de49f","id":"ce33b981-119a-42d6-b1b9-cdd37a9aa551","labelStyle":{"fontSize":14}}],"enabled":true}}},"modeType":"flow"}]},"children":[],"parent":"s7"},"e12":{"type":"Button","props":{"lg":{"text":"Button","gridArea":"Col1","variant":"secondary","position":{"left":186,"top":356,"leftUnit":"px","topUnit":"px","right":"","bottom":"","transform":""},"allowProgress":false,"isHidden":false},"target":"self","customURL":"","type":"redirect","redirect":{"label":"Other","value":"other"},"styleRef":"e12","action":[{"uid":"d4fba452-0b20-46ef-8022-dab153c7911e","conditions":[],"isAction":false,"actions":{"actionFlow":{"0":{"list":[{"id":"79fcc1f7-0df4-495f-bcd0-7527907c040c","type":"input","data":{"label":"Start"},"position":{"x":0,"y":0}},{"id":"dde51c19-4d24-49bd-bb63-ccbb2f359b9f","type":"action","actionType":"WorkFlow","tag":"","data":{"WorkFlow":{"0":{"enabled":true,"action":"652c05eac196ef2b5968e21e","PublishedURL":"","params":{"6c6ca6a6-3b75-4663-9477-cda22cc12802":{"value":"0018e00000K56YOAAZ"}}}}},"position":{"x":100,"y":100}},{"type":"default","targetHandle":"if","target":"dde51c19-4d24-49bd-bb63-ccbb2f359b9f","source":"79fcc1f7-0df4-495f-bcd0-7527907c040c","id":"16363f41-0bcb-486f-9c2c-4916b9c36afa","style":{"strokeDasharray":5},"label":"x","labelStyle":{"fontSize":14}}],"enabled":true}}},"modeType":"flow"}]},"children":[],"parent":"s1"},"e3":{"type":"Button","props":{"lg":{"text":"Button","gridArea":"Col1","variant":"primary","position":{"left":595,"top":140,"leftUnit":"px","topUnit":"px","right":"","bottom":"","transform":""},"allowProgress":false,"isHidden":false},"target":"self","customURL":"","type":"redirect","redirect":{"label":"Other","value":"other"},"styleRef":"e3","action":[{"uid":"0cdf0645-1318-4631-89d0-b3c087da4553","conditions":[],"isAction":false,"actions":{"actionFlow":{"0":{"list":[{"id":"f3c3b46d-c8af-4962-a779-da4d276885ca","type":"input","data":{"label":"Start"},"position":{"x":0,"y":0}},{"id":"2a1d7eaa-280f-4aba-8bd8-f34c32045e96","type":"action","actionType":"WorkFlow","tag":"","data":{"WorkFlow":{"0":{"enabled":true,"action":"652bc7e6c196ef2b5968dbb1","PublishedURL":"","runInBackGround":true,"params":{"16daf7f7-d723-4d9d-8170-5888abb54b74":{"value":"A name"}}}}},"position":{"x":100,"y":101}},{"sourceHandle":null,"target":"2a1d7eaa-280f-4aba-8bd8-f34c32045e96","style":{"strokeDasharray":5},"label":"x","targetHandle":"if","type":"default","source":"f3c3b46d-c8af-4962-a779-da4d276885ca","id":"bea9ba7a-185c-446b-84c7-cfc2b4d95e0a","labelStyle":{"fontSize":14}}],"enabled":true}}},"modeType":"flow"}]},"children":[],"parent":"s1"},"e4":{"type":"FormField","props":{"control":"text","lg":{"value":"","label":"Text field","placeholder":"Text field","variant":"standard","gridArea":"Col1","position":{"left":631,"top":252,"leftUnit":"px","topUnit":"px","right":"","bottom":"","transform":""},"hideErrorIndicator":false,"isHidden":false},"styleRef":"e4"},"children":[],"parent":"s1"},"e5":{"type":"FormField","props":{"control":"text","lg":{"value":"","label":"Text field","placeholder":"Text field","variant":"standard","gridArea":"Col1","position":{"left":631,"top":339,"leftUnit":"px","topUnit":"px","right":"","bottom":"","transform":""},"hideErrorIndicator":false,"isHidden":false},"styleRef":"e5"},"children":[],"parent":"s1"},"e6":{"type":"Button","props":{"lg":{"text":"Button","gridArea":"Col1","variant":"secondary","position":{"left":675,"top":406,"leftUnit":"px","topUnit":"px","right":"","bottom":"","transform":""},"allowProgress":false,"isHidden":false},"target":"self","customURL":"","type":"redirect","redirect":{"label":"Other","value":"other"},"styleRef":"e6","action":[{"uid":"3921f3df-0934-478b-af1c-f71587aee8b7","conditions":[],"isAction":false,"actions":{"actionFlow":{"0":{"list":[{"id":"e35534d3-e919-4efd-8852-f911f801f4a6","type":"input","data":{"label":"Start"},"position":{"x":0,"y":0}},{"id":"72283c45-4151-4c98-8787-7578c8ee54d3","type":"action","actionType":"WorkFlow","tag":"","data":{"WorkFlow":{"0":{"enabled":true,"action":"652bcc61c196ef2b5968dcdb","PublishedURL":"","returnParams":{"2ce6ecbd-9657-44fb-81e4-f938e9ffb2e2":{"valueType":"field","field":"bb8c0c93-a4cd-4290-af18-33d6e7ec1b5c"},"512a10ee-daa8-4ea8-ada3-f378a71dc64d":{"valueType":"field","field":"c4bd6896-ba3b-4fdd-ad55-1b35f88abcb8"}},"runInBackGround":false}}},"position":{"x":98,"y":102}},{"sourceHandle":null,"target":"72283c45-4151-4c98-8787-7578c8ee54d3","style":{"strokeDasharray":5},"label":"x","targetHandle":"if","type":"default","source":"e35534d3-e919-4efd-8852-f911f801f4a6","id":"59c64895-bc1f-4f86-b3f2-34bfe890d0a1","labelStyle":{"fontSize":14}}],"enabled":true}}},"modeType":"flow"}]},"children":[],"parent":"s1"},"e8":{"type":"Button","props":{"lg":{"text":"Merge Files","gridArea":"Col1","variant":"primary","position":{"left":552,"top":339,"leftUnit":"px","topUnit":"px","right":"","bottom":"","transform":""},"allowProgress":false,"isHidden":false},"target":"self","customURL":"","type":"redirect","redirect":{"label":"Other","value":"other"},"styleRef":"e8","action":[{"uid":"de9d531d-05a6-4cb0-885e-51812bf23320","conditions":[],"isAction":false,"actions":{"actionFlow":{"0":{"list":[{"id":"5bbb9b1b-79ad-4605-a371-f179d52038b7","type":"input","data":{"label":"Start"},"position":{"x":0,"y":0}},{"id":"0a2c77bd-bebb-41f2-bf8b-aa00cee3ebba","type":"action","actionType":"WorkFlow","tag":"","data":{"WorkFlow":{"0":{"enabled":true,"action":"652c05eac196ef2b5968e21e","PublishedURL":""}}},"position":{"x":100,"y":100}},{"type":"default","targetHandle":"if","target":"0a2c77bd-bebb-41f2-bf8b-aa00cee3ebba","source":"5bbb9b1b-79ad-4605-a371-f179d52038b7","id":"e946b760-37b7-4048-9ecd-2b98dd25b8a2","style":{"strokeDasharray":5},"label":"x","labelStyle":{"fontSize":14}}],"enabled":true}}},"modeType":"flow"}]},"children":[],"parent":"s7"},"e9":{"type":"FormField","props":{"control":"fileupload","lg":{"value":"","label":"Choose files","placeholder":"","variant":"dropzone","gridArea":"Col1","position":{"left":342,"top":28,"leftUnit":"px","topUnit":"px","right":"","bottom":"","transform":""},"hideErrorIndicator":false,"isHidden":false},"styleRef":"e9"},"children":[],"parent":"s7"},"s1":{"type":"Strip","props":{"styleRef":"s1"},"children":["e3","e4","e5","e6","e12"],"parent":null}},"Grid":["s1","s7"],"styles":{"e10":{"lg":{"root":{"width":"270","height":"auto","widthUnit":"px","heightUnit":"px"}},"type":"FormField","additionalControls":["fileupload"]},"s7":{"type":"Strip","lg":{"columns":1,"rows":1,"areas":[["Col1"]],"root":{"minHeight":"600","minHeightUnit":"px"}}},"e11":{"lg":{"root":{"width":"180","height":"52","widthUnit":"px","heightUnit":"px"}},"type":"Button"},"e12":{"lg":{"root":{"width":"180","height":"52","widthUnit":"px","heightUnit":"px"}},"type":"Button"},"e3":{"lg":{"root":{"width":"180","height":"52","widthUnit":"px","heightUnit":"px"}},"type":"Button"},"e4":{"lg":{"root":{"width":"270","height":"auto","widthUnit":"px","heightUnit":"px"}},"type":"FormField","additionalControls":["text"]},"e5":{"lg":{"root":{"width":"270","height":"auto","widthUnit":"px","heightUnit":"px"}},"type":"FormField","additionalControls":["text"]},"e6":{"lg":{"root":{"width":"180","height":"52","widthUnit":"px","heightUnit":"px"}},"type":"Button"},"e8":{"lg":{"root":{"width":"180","height":"52","widthUnit":"px","heightUnit":"px"}},"type":"Button"},"e9":{"lg":{"root":{"width":"270","height":"auto","widthUnit":"px","heightUnit":"px"}},"type":"FormField","additionalControls":["fileupload"]},"s1":{"type":"Strip","lg":{"columns":1,"rows":1,"areas":[["Col1"]],"root":{"minHeight":"600","minHeightUnit":"px"}}}},"params":[],"isSurveyForm":false,"ui":{"Drawer":[],"Modal":[]}},"IsDisabled":false,"isPublic":true,"URL":"ftc15896b2d95247b3b07b5cc1a37197e1","Description":"","Version":0,"ProjectID":"652bc86fc196ef2b5968dbd2","isCachedCDN":"","CreatedAt":"2023-10-15T11:09:35.558Z","__v":0}