{"_id":"6596f630bf2f81d8ca5b5094","UserID":237025,"IsDeleted":false,"Props":{"elements":{"s89":{"type":"Strip","props":{"styleRef":"s89"},"children":[null],"parent":null},"s95":{"type":"Strip","props":{"styleRef":"s95"},"children":["e96"],"parent":null},"e96":{"props":{"styleRef":"e96"}}},"Grid":["s89","s95"],"styles":{"s89":{"type":"Strip","lg":{"columns":1,"rows":1,"areas":[["Col1"]],"root":{"minHeight":"600"}}},"s95":{"type":"Strip","lg":{"columns":1,"rows":1,"areas":[["Col1"]],"root":{"minHeight":"600"}}}},"isSurveyForm":false},"IsDisabled":false,"isPublic":true,"URL":"ftc5439dc41f334608b21745e3049b37d3","Description":"","Version":0,"ProjectID":"6596f630bf2f81d8ca5b508e","isCachedCDN":"","__v":0,"CreatedAt":"2024-01-04T18:17:20.624Z"}